InputId,RemoteId
2509e0da-6fdf-f011-8542-7c1e524ecf66,929804
2809e0da-6fdf-f011-8542-7c1e524ecf66,929805
2b09e0da-6fdf-f011-8542-7c1e524ecf66,929806
2e09e0da-6fdf-f011-8542-7c1e524ecf66,929807
3109e0da-6fdf-f011-8542-7c1e524ecf66,929808
3409e0da-6fdf-f011-8542-7c1e524ecf66,929809
3709e0da-6fdf-f011-8542-7c1e524ecf66,929810
3a09e0da-6fdf-f011-8542-7c1e524ecf66,929811
3d09e0da-6fdf-f011-8542-7c1e524ecf66,929812
4009e0da-6fdf-f011-8542-7c1e524ecf66,929813
4309e0da-6fdf-f011-8542-7c1e524ecf66,929814
4609e0da-6fdf-f011-8542-7c1e524ecf66,929815
4909e0da-6fdf-f011-8542-7c1e524ecf66,929816
4c09e0da-6fdf-f011-8542-7c1e524ecf66,929817
4f09e0da-6fdf-f011-8542-7c1e524ecf66,929818
5209e0da-6fdf-f011-8542-7c1e524ecf66,929819
5509e0da-6fdf-f011-8542-7c1e524ecf66,929820
5809e0da-6fdf-f011-8542-7c1e524ecf66,929821
5b09e0da-6fdf-f011-8542-7c1e524ecf66,929822
5e09e0da-6fdf-f011-8542-7c1e524ecf66,929823
6109e0da-6fdf-f011-8542-7c1e524ecf66,929824
6409e0da-6fdf-f011-8542-7c1e524ecf66,929825
6c09e0da-6fdf-f011-8542-7c1e524ecf66,929826
6f09e0da-6fdf-f011-8542-7c1e524ecf66,929827
7209e0da-6fdf-f011-8542-7c1e524ecf66,929828
7709e0da-6fdf-f011-8542-7c1e524ecf66,929829
7c09e0da-6fdf-f011-8542-7c1e524ecf66,929830
8109e0da-6fdf-f011-8542-7c1e524ecf66,929831
8409e0da-6fdf-f011-8542-7c1e524ecf66,929832
8809e0da-6fdf-f011-8542-7c1e524ecf66,929833
8b09e0da-6fdf-f011-8542-7c1e524ecf66,929834
8e09e0da-6fdf-f011-8542-7c1e524ecf66,929835
9109e0da-6fdf-f011-8542-7c1e524ecf66,929836
9409e0da-6fdf-f011-8542-7c1e524ecf66,929837
9709e0da-6fdf-f011-8542-7c1e524ecf66,929838
9a09e0da-6fdf-f011-8542-7c1e524ecf66,929839
9d09e0da-6fdf-f011-8542-7c1e524ecf66,929840
a009e0da-6fdf-f011-8542-7c1e524ecf66,929841
a309e0da-6fdf-f011-8542-7c1e524ecf66,929842
a609e0da-6fdf-f011-8542-7c1e524ecf66,929843
e6278518-c2fd-f011-8405-000d3aaa8b47,929844
e9278518-c2fd-f011-8405-000d3aaa8b47,929845
ec278518-c2fd-f011-8405-000d3aaa8b47,929846
ef278518-c2fd-f011-8405-000d3aaa8b47,929847
f5278518-c2fd-f011-8405-000d3aaa8b47,929848
f8278518-c2fd-f011-8405-000d3aaa8b47,929849
fb278518-c2fd-f011-8405-000d3aaa8b47,929850
79007366-48f8-f011-8405-7ced8d9703be,929851
043a1f28-f100-f111-8405-6045bd96b7ce,929852
b8a8581e-f300-f111-8405-6045bd96b7ce,929853
917e8b96-f300-f111-8405-6045bd96b7ce,929854
a8ea1d6e-fa00-f111-8405-6045bd96b7ce,929855
e778b4c9-fa00-f111-8405-6045bd96b7ce,929856
4bbf7a0a-fb00-f111-8405-6045bd96b7ce,929857
3fb2c548-7500-f111-8405-7ced8d8e2718,929858
15d47e92-1113-f111-8408-000d3aae36fb,930463
6f1c1b18-3e26-f111-bec2-000d3abb1d0f,948436
38198460-1c2e-f111-bec2-7c1e5274209d,953208
